"userID","Passwrd"
"user_1","cJCsdytke"
"user_2","GAEWacwbo"
"user_3","mwQ4V9SXA2ha"
"user_4","juotLIA2k6R"
"user_5","iuIFsPqVxlM3"
"user_6","I7Us5Ww4Okr"
"user_7","6tV3nqQB"
"user_8","hD0ZEz3MHW"
"user_9","kEoC6AqQubl"
"user_10","Jfy3gTt8"
"user_11","ciP5rQjmg2"
"user_12","Mr85woOH0"
"user_13","ndINJKa8Gt"
"user_14","ov9BNs3gV7b"
"user_15","a6nrLYyO"
"user_16","9qfTH3ZRE6"
"user_17","L4CwflM37"
"user_18","uiERbTzw"
"user_19","UuVGnNYd1v3z"
"user_20","gX39I8RY"
"user_21","pxhr26yzjg75"
"user_22","5zMtf9GOr"
"user_23","oMRVEwhmkTQ"
"user_24","93hnAYcOyZP"
"user_25","7FipNT3Bwa"
"user_26","aKxpZwD9f5"
"user_27","G5eHKY7vL"
"user_28","VxnbOYFaR"
"user_29","MZlXOwVYP"
"user_30","zsjKPMyx"
"user_31","owlpHUnV"
"user_32","Ruo8yVAZTq"
"user_33","PAiTX3Bf"
"user_34","fr8FHEqp"
"user_35","x1iaCJsz"
"user_36","HPZUKXcCWij"
"user_37","X79iBzVqPb"
"user_38","V3yXulep"
"user_39","4mbEQewog2"
"user_40","d2ZobXYNz"
"user_41","z6L7JpaeVBd"
"user_42","3bBkRPhrx"
"user_43","BayQ5ZPA"
"user_44","Ti4HCrjPXMb"
"user_45","CZ4RHn2yGm"
"user_46","w0Q82p9sZy"
"user_47","Eu7AGH8Ln"
"user_48","OL3dBKJtjygr"
"user_49","FUR45YtX"
"user_50","xmEvShr4"
